InformationId,Title,Content,Status,ViewCount,BookmarkCount,PhotoContentUrl
ba5f916b-c440-435c-9ffb-f32ead341cb0,Title Information 1,"Lorem ipsum dolor sit amet, consectetur adipiscing elit, sed do eiusmod tempor incididunt ut labore et dolore magna aliqua. Sed elementum tempus egestas sed. Aliquam malesuada bibendum arcu vitae. Id diam maecenas ultricies mi eget mauris pharetra et ultrices. Congue quisque egestas diam in arcu cursus. Lacus luctus accumsan tortor posuere ac ut consequat. Nulla at volutpat diam ut venenatis tellus in. Consequat nisl vel pretium lectus quam id leo in. Maecenas pharetra convallis posuere morbi. Eget arcu dictum varius duis at. Lorem sed risus ultricies tristique. In nibh mauris cursus mattis molestie a. Vitae congue eu consequat ac felis donec et odio. Maecenas volutpat blandit aliquam etiam erat velit scelerisque in. Enim diam vulputate ut pharetra sit amet aliquam id. At lectus urna duis convallis. Est velit egestas dui id ornare arcu odio ut. Tempor id eu nisl nunc. Tristique senectus et netus et malesuada fames. Netus et malesuada fames ac.",Terbit,0,0,https://storage.googleapis.com/ecowave/img/informations/article.png
a2a09dcb-f3ae-4823-8515-08faa0e8f90c,Title Information 2,"Lorem ipsum dolor sit amet, consectetur adipiscing elit, sed do eiusmod tempor incididunt ut labore et dolore magna aliqua. Sed elementum tempus egestas sed. Aliquam malesuada bibendum arcu vitae. Id diam maecenas ultricies mi eget mauris pharetra et ultrices. Congue quisque egestas diam in arcu cursus. Lacus luctus accumsan tortor posuere ac ut consequat. Nulla at volutpat diam ut venenatis tellus in. Consequat nisl vel pretium lectus quam id leo in. Maecenas pharetra convallis posuere morbi. Eget arcu dictum varius duis at. Lorem sed risus ultricies tristique. In nibh mauris cursus mattis molestie a. Vitae congue eu consequat ac felis donec et odio. Maecenas volutpat blandit aliquam etiam erat velit scelerisque in. Enim diam vulputate ut pharetra sit amet aliquam id. At lectus urna duis convallis. Est velit egestas dui id ornare arcu odio ut. Tempor id eu nisl nunc. Tristique senectus et netus et malesuada fames. Netus et malesuada fames ac.",Draft,0,0,https://storage.googleapis.com/ecowave/img/informations/article.png
f5bccb23-8aa9-4798-a9b3-5e8b5981029a,Title Information 3,"Lorem ipsum dolor sit amet, consectetur adipiscing elit, sed do eiusmod tempor incididunt ut labore et dolore magna aliqua. Sed elementum tempus egestas sed. Aliquam malesuada bibendum arcu vitae. Id diam maecenas ultricies mi eget mauris pharetra et ultrices. Congue quisque egestas diam in arcu cursus. Lacus luctus accumsan tortor posuere ac ut consequat. Nulla at volutpat diam ut venenatis tellus in. Consequat nisl vel pretium lectus quam id leo in. Maecenas pharetra convallis posuere morbi. Eget arcu dictum varius duis at. Lorem sed risus ultricies tristique. In nibh mauris cursus mattis molestie a. Vitae congue eu consequat ac felis donec et odio. Maecenas volutpat blandit aliquam etiam erat velit scelerisque in. Enim diam vulputate ut pharetra sit amet aliquam id. At lectus urna duis convallis. Est velit egestas dui id ornare arcu odio ut. Tempor id eu nisl nunc. Tristique senectus et netus et malesuada fames. Netus et malesuada fames ac.",Terbit,0,0,https://storage.googleapis.com/ecowave/img/informations/article.png
52c311ea-7482-43dc-b095-48a5456f43dc,Title Information 4,"Lorem ipsum dolor sit amet, consectetur adipiscing elit, sed do eiusmod tempor incididunt ut labore et dolore magna aliqua. Sed elementum tempus egestas sed. Aliquam malesuada bibendum arcu vitae. Id diam maecenas ultricies mi eget mauris pharetra et ultrices. Congue quisque egestas diam in arcu cursus. Lacus luctus accumsan tortor posuere ac ut consequat. Nulla at volutpat diam ut venenatis tellus in. Consequat nisl vel pretium lectus quam id leo in. Maecenas pharetra convallis posuere morbi. Eget arcu dictum varius duis at. Lorem sed risus ultricies tristique. In nibh mauris cursus mattis molestie a. Vitae congue eu consequat ac felis donec et odio. Maecenas volutpat blandit aliquam etiam erat velit scelerisque in. Enim diam vulputate ut pharetra sit amet aliquam id. At lectus urna duis convallis. Est velit egestas dui id ornare arcu odio ut. Tempor id eu nisl nunc. Tristique senectus et netus et malesuada fames. Netus et malesuada fames ac.",Draft,0,0,https://storage.googleapis.com/ecowave/img/informations/article.png
3f8acb55-bc51-4f27-8464-2d72c8fe1e6a,Title Information 5,"Lorem ipsum dolor sit amet, consectetur adipiscing elit, sed do eiusmod tempor incididunt ut labore et dolore magna aliqua. Sed elementum tempus egestas sed. Aliquam malesuada bibendum arcu vitae. Id diam maecenas ultricies mi eget mauris pharetra et ultrices. Congue quisque egestas diam in arcu cursus. Lacus luctus accumsan tortor posuere ac ut consequat. Nulla at volutpat diam ut venenatis tellus in. Consequat nisl vel pretium lectus quam id leo in. Maecenas pharetra convallis posuere morbi. Eget arcu dictum varius duis at. Lorem sed risus ultricies tristique. In nibh mauris cursus mattis molestie a. Vitae congue eu consequat ac felis donec et odio. Maecenas volutpat blandit aliquam etiam erat velit scelerisque in. Enim diam vulputate ut pharetra sit amet aliquam id. At lectus urna duis convallis. Est velit egestas dui id ornare arcu odio ut. Tempor id eu nisl nunc. Tristique senectus et netus et malesuada fames. Netus et malesuada fames ac.",Terbit,0,0,https://storage.googleapis.com/ecowave/img/informations/article.png
9e8ead6a-8a93-45c0-80b7-764a2256d95c,Title Information 6,"Lorem ipsum dolor sit amet, consectetur adipiscing elit, sed do eiusmod tempor incididunt ut labore et dolore magna aliqua. Sed elementum tempus egestas sed. Aliquam malesuada bibendum arcu vitae. Id diam maecenas ultricies mi eget mauris pharetra et ultrices. Congue quisque egestas diam in arcu cursus. Lacus luctus accumsan tortor posuere ac ut consequat. Nulla at volutpat diam ut venenatis tellus in. Consequat nisl vel pretium lectus quam id leo in. Maecenas pharetra convallis posuere morbi. Eget arcu dictum varius duis at. Lorem sed risus ultricies tristique. In nibh mauris cursus mattis molestie a. Vitae congue eu consequat ac felis donec et odio. Maecenas volutpat blandit aliquam etiam erat velit scelerisque in. Enim diam vulputate ut pharetra sit amet aliquam id. At lectus urna duis convallis. Est velit egestas dui id ornare arcu odio ut. Tempor id eu nisl nunc. Tristique senectus et netus et malesuada fames. Netus et malesuada fames ac.",Draft,0,0,https://storage.googleapis.com/ecowave/img/informations/article.png
92288e01-a860-4a06-9d38-f8fc7afab8cc,Title Information 7,"Lorem ipsum dolor sit amet, consectetur adipiscing elit, sed do eiusmod tempor incididunt ut labore et dolore magna aliqua. Sed elementum tempus egestas sed. Aliquam malesuada bibendum arcu vitae. Id diam maecenas ultricies mi eget mauris pharetra et ultrices. Congue quisque egestas diam in arcu cursus. Lacus luctus accumsan tortor posuere ac ut consequat. Nulla at volutpat diam ut venenatis tellus in. Consequat nisl vel pretium lectus quam id leo in. Maecenas pharetra convallis posuere morbi. Eget arcu dictum varius duis at. Lorem sed risus ultricies tristique. In nibh mauris cursus mattis molestie a. Vitae congue eu consequat ac felis donec et odio. Maecenas volutpat blandit aliquam etiam erat velit scelerisque in. Enim diam vulputate ut pharetra sit amet aliquam id. At lectus urna duis convallis. Est velit egestas dui id ornare arcu odio ut. Tempor id eu nisl nunc. Tristique senectus et netus et malesuada fames. Netus et malesuada fames ac.",Terbit,0,0,https://storage.googleapis.com/ecowave/img/informations/article.png
c7874c8d-37e9-4903-b7f5-5a327401bcd5,Title Information 8,"Lorem ipsum dolor sit amet, consectetur adipiscing elit, sed do eiusmod tempor incididunt ut labore et dolore magna aliqua. Sed elementum tempus egestas sed. Aliquam malesuada bibendum arcu vitae. Id diam maecenas ultricies mi eget mauris pharetra et ultrices. Congue quisque egestas diam in arcu cursus. Lacus luctus accumsan tortor posuere ac ut consequat. Nulla at volutpat diam ut venenatis tellus in. Consequat nisl vel pretium lectus quam id leo in. Maecenas pharetra convallis posuere morbi. Eget arcu dictum varius duis at. Lorem sed risus ultricies tristique. In nibh mauris cursus mattis molestie a. Vitae congue eu consequat ac felis donec et odio. Maecenas volutpat blandit aliquam etiam erat velit scelerisque in. Enim diam vulputate ut pharetra sit amet aliquam id. At lectus urna duis convallis. Est velit egestas dui id ornare arcu odio ut. Tempor id eu nisl nunc. Tristique senectus et netus et malesuada fames. Netus et malesuada fames ac.",Draft,0,0,https://storage.googleapis.com/ecowave/img/informations/article.png
121c3254-0f9a-4093-926c-1640a2f6880d,Title Information 9,"Lorem ipsum dolor sit amet, consectetur adipiscing elit, sed do eiusmod tempor incididunt ut labore et dolore magna aliqua. Sed elementum tempus egestas sed. Aliquam malesuada bibendum arcu vitae. Id diam maecenas ultricies mi eget mauris pharetra et ultrices. Congue quisque egestas diam in arcu cursus. Lacus luctus accumsan tortor posuere ac ut consequat. Nulla at volutpat diam ut venenatis tellus in. Consequat nisl vel pretium lectus quam id leo in. Maecenas pharetra convallis posuere morbi. Eget arcu dictum varius duis at. Lorem sed risus ultricies tristique. In nibh mauris cursus mattis molestie a. Vitae congue eu consequat ac felis donec et odio. Maecenas volutpat blandit aliquam etiam erat velit scelerisque in. Enim diam vulputate ut pharetra sit amet aliquam id. At lectus urna duis convallis. Est velit egestas dui id ornare arcu odio ut. Tempor id eu nisl nunc. Tristique senectus et netus et malesuada fames. Netus et malesuada fames ac.",Terbit,0,0,https://storage.googleapis.com/ecowave/img/informations/article.png
17d29ca3-2e78-4763-9ae1-bf747c277c8c,Title Information 10,"Lorem ipsum dolor sit amet, consectetur adipiscing elit, sed do eiusmod tempor incididunt ut labore et dolore magna aliqua. Sed elementum tempus egestas sed. Aliquam malesuada bibendum arcu vitae. Id diam maecenas ultricies mi eget mauris pharetra et ultrices. Congue quisque egestas diam in arcu cursus. Lacus luctus accumsan tortor posuere ac ut consequat. Nulla at volutpat diam ut venenatis tellus in. Consequat nisl vel pretium lectus quam id leo in. Maecenas pharetra convallis posuere morbi. Eget arcu dictum varius duis at. Lorem sed risus ultricies tristique. In nibh mauris cursus mattis molestie a. Vitae congue eu consequat ac felis donec et odio. Maecenas volutpat blandit aliquam etiam erat velit scelerisque in. Enim diam vulputate ut pharetra sit amet aliquam id. At lectus urna duis convallis. Est velit egestas dui id ornare arcu odio ut. Tempor id eu nisl nunc. Tristique senectus et netus et malesuada fames. Netus et malesuada fames ac.",Draft,0,0,https://storage.googleapis.com/ecowave/img/informations/article.png
aa8f95bd-5453-483f-a868-e45741e7e68e,Title Information 11,"Lorem ipsum dolor sit amet, consectetur adipiscing elit, sed do eiusmod tempor incididunt ut labore et dolore magna aliqua. Sed elementum tempus egestas sed. Aliquam malesuada bibendum arcu vitae. Id diam maecenas ultricies mi eget mauris pharetra et ultrices. Congue quisque egestas diam in arcu cursus. Lacus luctus accumsan tortor posuere ac ut consequat. Nulla at volutpat diam ut venenatis tellus in. Consequat nisl vel pretium lectus quam id leo in. Maecenas pharetra convallis posuere morbi. Eget arcu dictum varius duis at. Lorem sed risus ultricies tristique. In nibh mauris cursus mattis molestie a. Vitae congue eu consequat ac felis donec et odio. Maecenas volutpat blandit aliquam etiam erat velit scelerisque in. Enim diam vulputate ut pharetra sit amet aliquam id. At lectus urna duis convallis. Est velit egestas dui id ornare arcu odio ut. Tempor id eu nisl nunc. Tristique senectus et netus et malesuada fames. Netus et malesuada fames ac.",Terbit,0,0,https://storage.googleapis.com/ecowave/img/informations/article.png
696051da-cc5f-4b84-aac7-db4a1b7dca08,Title Information 12,"Lorem ipsum dolor sit amet, consectetur adipiscing elit, sed do eiusmod tempor incididunt ut labore et dolore magna aliqua. Sed elementum tempus egestas sed. Aliquam malesuada bibendum arcu vitae. Id diam maecenas ultricies mi eget mauris pharetra et ultrices. Congue quisque egestas diam in arcu cursus. Lacus luctus accumsan tortor posuere ac ut consequat. Nulla at volutpat diam ut venenatis tellus in. Consequat nisl vel pretium lectus quam id leo in. Maecenas pharetra convallis posuere morbi. Eget arcu dictum varius duis at. Lorem sed risus ultricies tristique. In nibh mauris cursus mattis molestie a. Vitae congue eu consequat ac felis donec et odio. Maecenas volutpat blandit aliquam etiam erat velit scelerisque in. Enim diam vulputate ut pharetra sit amet aliquam id. At lectus urna duis convallis. Est velit egestas dui id ornare arcu odio ut. Tempor id eu nisl nunc. Tristique senectus et netus et malesuada fames. Netus et malesuada fames ac.",Draft,0,0,https://storage.googleapis.com/ecowave/img/informations/article.png
6b3823a3-2376-4c25-8b4b-e951ad1f9806,Title Information 13,"Lorem ipsum dolor sit amet, consectetur adipiscing elit, sed do eiusmod tempor incididunt ut labore et dolore magna aliqua. Sed elementum tempus egestas sed. Aliquam malesuada bibendum arcu vitae. Id diam maecenas ultricies mi eget mauris pharetra et ultrices. Congue quisque egestas diam in arcu cursus. Lacus luctus accumsan tortor posuere ac ut consequat. Nulla at volutpat diam ut venenatis tellus in. Consequat nisl vel pretium lectus quam id leo in. Maecenas pharetra convallis posuere morbi. Eget arcu dictum varius duis at. Lorem sed risus ultricies tristique. In nibh mauris cursus mattis molestie a. Vitae congue eu consequat ac felis donec et odio. Maecenas volutpat blandit aliquam etiam erat velit scelerisque in. Enim diam vulputate ut pharetra sit amet aliquam id. At lectus urna duis convallis. Est velit egestas dui id ornare arcu odio ut. Tempor id eu nisl nunc. Tristique senectus et netus et malesuada fames. Netus et malesuada fames ac.",Terbit,0,0,https://storage.googleapis.com/ecowave/img/informations/article.png
a21d364f-5849-4687-963e-e5f6202d8da2,Title Information 14,"Lorem ipsum dolor sit amet, consectetur adipiscing elit, sed do eiusmod tempor incididunt ut labore et dolore magna aliqua. Sed elementum tempus egestas sed. Aliquam malesuada bibendum arcu vitae. Id diam maecenas ultricies mi eget mauris pharetra et ultrices. Congue quisque egestas diam in arcu cursus. Lacus luctus accumsan tortor posuere ac ut consequat. Nulla at volutpat diam ut venenatis tellus in. Consequat nisl vel pretium lectus quam id leo in. Maecenas pharetra convallis posuere morbi. Eget arcu dictum varius duis at. Lorem sed risus ultricies tristique. In nibh mauris cursus mattis molestie a. Vitae congue eu consequat ac felis donec et odio. Maecenas volutpat blandit aliquam etiam erat velit scelerisque in. Enim diam vulputate ut pharetra sit amet aliquam id. At lectus urna duis convallis. Est velit egestas dui id ornare arcu odio ut. Tempor id eu nisl nunc. Tristique senectus et netus et malesuada fames. Netus et malesuada fames ac.",Draft,0,0,https://storage.googleapis.com/ecowave/img/informations/article.png
